,ID,train_acc,val_loss,val_acc
0,2.7863762,0.3129,0.936573,0.7013
1,0.42081252,0.8675333333333334,0.4922544,0.8472
